timestamp,station,lat,lon,speed,direction
2026-08-29 00:00:00,Mashhad,36.297,59.606,1.46,286
2026-08-29 01:00:00,Mashhad,36.297,59.606,1.34,297
2026-08-29 02:00:00,Mashhad,36.297,59.606,1.22,305
2026-08-29 03:00:00,Mashhad,36.297,59.606,1.2,312
2026-08-29 04:00:00,Mashhad,36.297,59.606,1.84,331
2026-08-29 05:00:00,Mashhad,36.297,59.606,1.87,344
2026-08-29 06:00:00,Mashhad,36.297,59.606,1.12,27
2026-08-29 07:00:00,Mashhad,36.297,59.606,2.25,58
2026-08-29 08:00:00,Mashhad,36.297,59.606,4.09,68
2026-08-29 09:00:00,Mashhad,36.297,59.606,4.21,72
2026-08-29 10:00:00,Mashhad,36.297,59.606,4.53,68
2026-08-29 11:00:00,Mashhad,36.297,59.606,4.53,68
2026-08-29 12:00:00,Mashhad,36.297,59.606,4.75,68
2026-08-29 13:00:00,Mashhad,36.297,59.606,4.22,68
2026-08-29 14:00:00,Mashhad,36.297,59.606,3.18,62
2026-08-29 15:00:00,Mashhad,36.297,59.606,2.0,53
2026-08-29 16:00:00,Mashhad,36.297,59.606,0.51,11
2026-08-29 17:00:00,Mashhad,36.297,59.606,1.22,279
2026-08-29 18:00:00,Mashhad,36.297,59.606,1.62,248
2026-08-29 19:00:00,Mashhad,36.297,59.606,1.61,263
2026-08-29 20:00:00,Mashhad,36.297,59.606,1.41,278
2026-08-29 21:00:00,Mashhad,36.297,59.606,1.5,270
2026-08-29 22:00:00,Mashhad,36.297,59.606,1.33,283
2026-08-29 23:00:00,Mashhad,36.297,59.606,1.3,293
2026-08-30 00:00:00,Mashhad,36.297,59.606,1.26,288
2026-08-30 01:00:00,Mashhad,36.297,59.606,1.12,297
2026-08-30 02:00:00,Mashhad,36.297,59.606,1.08,292
2026-08-30 03:00:00,Mashhad,36.297,59.606,0.86,306
2026-08-30 04:00:00,Mashhad,36.297,59.606,1.36,343
2026-08-30 05:00:00,Mashhad,36.297,59.606,1.61,353
2026-08-30 06:00:00,Mashhad,36.297,59.606,0.67,27
2026-08-30 07:00:00,Mashhad,36.297,59.606,1.82,81
2026-08-30 08:00:00,Mashhad,36.297,59.606,2.43,99
2026-08-30 09:00:00,Mashhad,36.297,59.606,3.28,102
2026-08-30 10:00:00,Mashhad,36.297,59.606,4.0,91
2026-08-30 11:00:00,Mashhad,36.297,59.606,4.73,77
2026-08-30 12:00:00,Mashhad,36.297,59.606,5.41,74
2026-08-30 13:00:00,Mashhad,36.297,59.606,5.15,72
2026-08-30 14:00:00,Mashhad,36.297,59.606,3.9,67
2026-08-30 15:00:00,Mashhad,36.297,59.606,1.93,69
2026-08-30 16:00:00,Mashhad,36.297,59.606,1.4,176
2026-08-30 17:00:00,Mashhad,36.297,59.606,1.72,216
2026-08-30 18:00:00,Mashhad,36.297,59.606,1.66,205
2026-08-30 19:00:00,Mashhad,36.297,59.606,1.55,195
2026-08-30 20:00:00,Mashhad,36.297,59.606,1.46,196
2026-08-30 21:00:00,Mashhad,36.297,59.606,1.02,191
2026-08-30 22:00:00,Mashhad,36.297,59.606,0.63,162
2026-08-30 23:00:00,Mashhad,36.297,59.606,0.45,117
2026-08-29 00:00:00,Neyshabur,36.213,58.795,1.52,337
2026-08-29 01:00:00,Neyshabur,36.213,58.795,0.94,328
2026-08-29 02:00:00,Neyshabur,36.213,58.795,1.02,11
2026-08-29 03:00:00,Neyshabur,36.213,58.795,0.89,333
2026-08-29 04:00:00,Neyshabur,36.213,58.795,1.2,275
2026-08-29 05:00:00,Neyshabur,36.213,58.795,0.8,270
2026-08-29 06:00:00,Neyshabur,36.213,58.795,2.56,249
2026-08-29 07:00:00,Neyshabur,36.213,58.795,1.68,253
2026-08-29 08:00:00,Neyshabur,36.213,58.795,0.85,249
2026-08-29 09:00:00,Neyshabur,36.213,58.795,0.98,204
2026-08-29 10:00:00,Neyshabur,36.213,58.795,1.77,74
2026-08-29 11:00:00,Neyshabur,36.213,58.795,6.1,72
2026-08-29 12:00:00,Neyshabur,36.213,58.795,6.91,80
2026-08-29 13:00:00,Neyshabur,36.213,58.795,6.77,74
2026-08-29 14:00:00,Neyshabur,36.213,58.795,6.61,72
2026-08-29 15:00:00,Neyshabur,36.213,58.795,5.17,75
2026-08-29 16:00:00,Neyshabur,36.213,58.795,3.07,109
2026-08-29 17:00:00,Neyshabur,36.213,58.795,2.92,142
2026-08-29 18:00:00,Neyshabur,36.213,58.795,2.44,199
2026-08-29 19:00:00,Neyshabur,36.213,58.795,1.22,215
2026-08-29 21:00:00,Neyshabur,36.213,58.795,1.4,356
2026-08-29 22:00:00,Neyshabur,36.213,58.795,1.7,357
2026-08-29 23:00:00,Neyshabur,36.213,58.795,1.46,16
2026-08-30 00:00:00,Neyshabur,36.213,58.795,0.8,360
2026-08-30 01:00:00,Neyshabur,36.213,58.795,0.61,9
2026-08-30 02:00:00,Neyshabur,36.213,58.795,1.12,10
2026-08-30 03:00:00,Neyshabur,36.213,58.795,0.92,347
2026-08-30 04:00:00,Neyshabur,36.213,58.795,1.03,299
2026-08-30 05:00:00,Neyshabur,36.213,58.795,1.08,292
2026-08-30 06:00:00,Neyshabur,36.213,58.795,1.43,258
2026-08-30 07:00:00,Neyshabur,36.213,58.795,1.63,259
2026-08-30 08:00:00,Neyshabur,36.213,58.795,1.3,266
2026-08-30 09:00:00,Neyshabur,36.213,58.795,1.7,225
2026-08-30 10:00:00,Neyshabur,36.213,58.795,0.64,219
2026-08-30 11:00:00,Neyshabur,36.213,58.795,0.81,83
2026-08-30 12:00:00,Neyshabur,36.213,58.795,3.85,155
2026-08-30 13:00:00,Neyshabur,36.213,58.795,5.66,144
2026-08-30 15:00:00,Neyshabur,36.213,58.795,7.72,127
2026-08-30 16:00:00,Neyshabur,36.213,58.795,4.39,133
2026-08-30 17:00:00,Neyshabur,36.213,58.795,3.85,152
2026-08-30 18:00:00,Neyshabur,36.213,58.795,2.12,161
2026-08-30 19:00:00,Neyshabur,36.213,58.795,2.1,177
2026-08-30 20:00:00,Neyshabur,36.213,58.795,1.56,130
2026-08-30 21:00:00,Neyshabur,36.213,58.795,1.27,135
2026-08-30 22:00:00,Neyshabur,36.213,58.795,0.73,74
2026-08-30 23:00:00,Neyshabur,36.213,58.795,1.21,24
2026-08-29 00:00:00,Sabzevar,36.215,57.678,2.42,30
2026-08-29 01:00:00,Sabzevar,36.215,57.678,2.16,34
2026-08-29 02:00:00,Sabzevar,36.215,57.678,1.7,50
2026-08-29 03:00:00,Sabzevar,36.215,57.678,2.08,55
2026-08-29 04:00:00,Sabzevar,36.215,57.678,2.7,92
2026-08-29 05:00:00,Sabzevar,36.215,57.678,3.79,108
2026-08-29 06:00:00,Sabzevar,36.215,57.678,4.79,119
2026-08-29 07:00:00,Sabzevar,36.215,57.678,4.02,117
2026-08-29 08:00:00,Sabzevar,36.215,57.678,3.13,117
2026-08-29 09:00:00,Sabzevar,36.215,57.678,3.68,112
2026-08-29 10:00:00,Sabzevar,36.215,57.678,4.14,110
2026-08-29 11:00:00,Sabzevar,36.215,57.678,3.92,109
2026-08-29 12:00:00,Sabzevar,36.215,57.678,4.38,125
2026-08-29 13:00:00,Sabzevar,36.215,57.678,4.8,121
2026-08-29 14:00:00,Sabzevar,36.215,57.678,4.16,117
2026-08-29 15:00:00,Sabzevar,36.215,57.678,3.26,101
2026-08-29 16:00:00,Sabzevar,36.215,57.678,7.24,123
2026-08-29 17:00:00,Sabzevar,36.215,57.678,6.85,119
2026-08-29 18:00:00,Sabzevar,36.215,57.678,4.93,108
2026-08-29 19:00:00,Sabzevar,36.215,57.678,3.55,80
2026-08-29 20:00:00,Sabzevar,36.215,57.678,3.26,50
2026-08-29 21:00:00,Sabzevar,36.215,57.678,3.26,47
2026-08-29 22:00:00,Sabzevar,36.215,57.678,3.05,49
2026-08-29 23:00:00,Sabzevar,36.215,57.678,2.77,49
2026-08-30 00:00:00,Sabzevar,36.215,57.678,2.9,46
2026-08-30 01:00:00,Sabzevar,36.215,57.678,2.86,54
2026-08-30 02:00:00,Sabzevar,36.215,57.678,2.48,47
2026-08-30 03:00:00,Sabzevar,36.215,57.678,2.69,48
2026-08-30 04:00:00,Sabzevar,36.215,57.678,3.47,78
2026-08-30 05:00:00,Sabzevar,36.215,57.678,4.18,101
2026-08-30 06:00:00,Sabzevar,36.215,57.678,4.34,116
2026-08-30 07:00:00,Sabzevar,36.215,57.678,2.82,113
2026-08-30 08:00:00,Sabzevar,36.215,57.678,2.19,114
2026-08-30 09:00:00,Sabzevar,36.215,57.678,2.2,120
2026-08-30 10:00:00,Sabzevar,36.215,57.678,2.36,126
2026-08-30 11:00:00,Sabzevar,36.215,57.678,2.9,136
2026-08-30 12:00:00,Sabzevar,36.215,57.678,2.55,138
2026-08-30 13:00:00,Sabzevar,36.215,57.678,1.21,114
2026-08-30 14:00:00,Sabzevar,36.215,57.678,1.87,16
2026-08-30 15:00:00,Sabzevar,36.215,57.678,5.23,26
2026-08-30 16:00:00,Sabzevar,36.215,57.678,5.77,28
2026-08-30 17:00:00,Sabzevar,36.215,57.678,6.93,72
2026-08-30 18:00:00,Sabzevar,36.215,57.678,5.77,81
2026-08-30 19:00:00,Sabzevar,36.215,57.678,6.33,74
2026-08-30 20:00:00,Sabzevar,36.215,57.678,6.14,74
2026-08-30 21:00:00,Sabzevar,36.215,57.678,5.98,69
2026-08-30 22:00:00,Sabzevar,36.215,57.678,5.23,64
2026-08-30 23:00:00,Sabzevar,36.215,57.678,4.02,63
